"PODROČJA IN PODPODROČJA DEJAVNOSTI","2008 Poraba goriv za transformacijo ni vključena Električna energija","2008 Poraba goriv za transformacijo ni vključena Črni premog","2008 Poraba goriv za transformacijo ni vključena Rjavi premog","2008 Poraba goriv za transformacijo ni vključena Lignit","2008 Poraba goriv za transformacijo ni vključena Koks","2008 Poraba goriv za transformacijo ni vključena Petrol koks","2008 Poraba goriv za transformacijo ni vključena Les in lesni odpadki","2008 Poraba goriv za transformacijo ni vključena Utekočinjen naftni plin","2008 Poraba goriv za transformacijo ni vključena Petrolej","2008 Poraba goriv za transformacijo ni vključena Dizelsko gorivo","2008 Poraba goriv za transformacijo ni vključena Kurilno olje, ekstra lahko","2008 Poraba goriv za transformacijo ni vključena Odpadna olja","2008 Poraba goriv za transformacijo ni vključena Zemeljski plin","2008 Poraba goriv za transformacijo ni vključena Toplotna energija","2008 Vključno s porabo goriv za transformacijo Električna energija","2008 Vključno s porabo goriv za transformacijo Črni premog","2008 Vključno s porabo goriv za transformacijo Rjavi premog","2008 Vključno s porabo goriv za transformacijo Lignit","2008 Vključno s porabo goriv za transformacijo Koks","2008 Vključno s porabo goriv za transformacijo Petrol koks","2008 Vključno s porabo goriv za transformacijo Les in lesni odpadki","2008 Vključno s porabo goriv za transformacijo Utekočinjen naftni plin","2008 Vključno s porabo goriv za transformacijo Petrolej","2008 Vključno s porabo goriv za transformacijo Dizelsko gorivo","2008 Vključno s porabo goriv za transformacijo Kurilno olje, ekstra lahko","2008 Vključno s porabo goriv za transformacijo Odpadna olja","2008 Vključno s porabo goriv za transformacijo Zemeljski plin","2008 Vključno s porabo goriv za transformacijo Toplotna energija","2009 Poraba goriv za transformacijo ni vključena Električna energija","2009 Poraba goriv za transformacijo ni vključena Črni premog","2009 Poraba goriv za transformacijo ni vključena Rjavi premog","2009 Poraba goriv za transformacijo ni vključena Lignit","2009 Poraba goriv za transformacijo ni vključena Koks","2009 Poraba goriv za transformacijo ni vključena Petrol koks","2009 Poraba goriv za transformacijo ni vključena Les in lesni odpadki","2009 Poraba goriv za transformacijo ni vključena Utekočinjen naftni plin","2009 Poraba goriv za transformacijo ni vključena Petrolej","2009 Poraba goriv za transformacijo ni vključena Dizelsko gorivo","2009 Poraba goriv za transformacijo ni vključena Kurilno olje, ekstra lahko","2009 Poraba goriv za transformacijo ni vključena Odpadna olja","2009 Poraba goriv za transformacijo ni vključena Zemeljski plin","2009 Poraba goriv za transformacijo ni vključena Toplotna energija","2009 Vključno s porabo goriv za transformacijo Električna energija","2009 Vključno s porabo goriv za transformacijo Črni premog","2009 Vključno s porabo goriv za transformacijo Rjavi premog","2009 Vključno s porabo goriv za transformacijo Lignit","2009 Vključno s porabo goriv za transformacijo Koks","2009 Vključno s porabo goriv za transformacijo Petrol koks","2009 Vključno s porabo goriv za transformacijo Les in lesni odpadki","2009 Vključno s porabo goriv za transformacijo Utekočinjen naftni plin","2009 Vključno s porabo goriv za transformacijo Petrolej","2009 Vključno s porabo goriv za transformacijo Dizelsko gorivo","2009 Vključno s porabo goriv za transformacijo Kurilno olje, ekstra lahko","2009 Vključno s porabo goriv za transformacijo Odpadna olja","2009 Vključno s porabo goriv za transformacijo Zemeljski plin","2009 Vključno s porabo goriv za transformacijo Toplotna energija","2010 Poraba goriv za transformacijo ni vključena Električna energija","2010 Poraba goriv za transformacijo ni vključena Črni premog","2010 Poraba goriv za transformacijo ni vključena Rjavi premog","2010 Poraba goriv za transformacijo ni vključena Lignit","2010 Poraba goriv za transformacijo ni vključena Koks","2010 Poraba goriv za transformacijo ni vključena Petrol koks","2010 Poraba goriv za transformacijo ni vključena Les in lesni odpadki","2010 Poraba goriv za transformacijo ni vključena Utekočinjen naftni plin","2010 Poraba goriv za transformacijo ni vključena Petrolej","2010 Poraba goriv za transformacijo ni vključena Dizelsko gorivo","2010 Poraba goriv za transformacijo ni vključena Kurilno olje, ekstra lahko","2010 Poraba goriv za transformacijo ni vključena Odpadna olja","2010 Poraba goriv za transformacijo ni vključena Zemeljski plin","2010 Poraba goriv za transformacijo ni vključena Toplotna energija","2010 Vključno s porabo goriv za transformacijo Električna energija","2010 Vključno s porabo goriv za transformacijo Črni premog","2010 Vključno s porabo goriv za transformacijo Rjavi premog","2010 Vključno s porabo goriv za transformacijo Lignit","2010 Vključno s porabo goriv za transformacijo Koks","2010 Vključno s porabo goriv za transformacijo Petrol koks","2010 Vključno s porabo goriv za transformacijo Les in lesni odpadki","2010 Vključno s porabo goriv za transformacijo Utekočinjen naftni plin","2010 Vključno s porabo goriv za transformacijo Petrolej","2010 Vključno s porabo goriv za transformacijo Dizelsko gorivo","2010 Vključno s porabo goriv za transformacijo Kurilno olje, ekstra lahko","2010 Vključno s porabo goriv za transformacijo Odpadna olja","2010 Vključno s porabo goriv za transformacijo Zemeljski plin","2010 Vključno s porabo goriv za transformacijo Toplotna energija","2011 Poraba goriv za transformacijo ni vključena Električna energija","2011 Poraba goriv za transformacijo ni vključena Črni premog","2011 Poraba goriv za transformacijo ni vključena Rjavi premog","2011 Poraba goriv za transformacijo ni vključena Lignit","2011 Poraba goriv za transformacijo ni vključena Koks","2011 Poraba goriv za transformacijo ni vključena Petrol koks","2011 Poraba goriv za transformacijo ni vključena Les in lesni odpadki","2011 Poraba goriv za transformacijo ni vključena Utekočinjen naftni plin","2011 Poraba goriv za transformacijo ni vključena Petrolej","2011 Poraba goriv za transformacijo ni vključena Dizelsko gorivo","2011 Poraba goriv za transformacijo ni vključena Kurilno olje, ekstra lahko","2011 Poraba goriv za transformacijo ni vključena Odpadna olja","2011 Poraba goriv za transformacijo ni vključena Zemeljski plin","2011 Poraba goriv za transformacijo ni vključena Toplotna energija","2011 Vključno s porabo goriv za transformacijo Električna energija","2011 Vključno s porabo goriv za transformacijo Črni premog","2011 Vključno s porabo goriv za transformacijo Rjavi premog","2011 Vključno s porabo goriv za transformacijo Lignit","2011 Vključno s porabo goriv za transformacijo Koks","2011 Vključno s porabo goriv za transformacijo Petrol koks","2011 Vključno s porabo goriv za transformacijo Les in lesni odpadki","2011 Vključno s porabo goriv za transformacijo Utekočinjen naftni plin","2011 Vključno s porabo goriv za transformacijo Petrolej","2011 Vključno s porabo goriv za transformacijo Dizelsko gorivo","2011 Vključno s porabo goriv za transformacijo Kurilno olje, ekstra lahko","2011 Vključno s porabo goriv za transformacijo Odpadna olja","2011 Vključno s porabo goriv za transformacijo Zemeljski plin","2011 Vključno s porabo goriv za transformacijo Toplotna energija","2012 Poraba goriv za transformacijo ni vključena Električna energija","2012 Poraba goriv za transformacijo ni vključena Črni premog","2012 Poraba goriv za transformacijo ni vključena Rjavi premog","2012 Poraba goriv za transformacijo ni vključena Lignit","2012 Poraba goriv za transformacijo ni vključena Koks","2012 Poraba goriv za transformacijo ni vključena Petrol koks","2012 Poraba goriv za transformacijo ni vključena Les in lesni odpadki","2012 Poraba goriv za transformacijo ni vključena Utekočinjen naftni plin","2012 Poraba goriv za transformacijo ni vključena Petrolej","2012 Poraba goriv za transformacijo ni vključena Dizelsko gorivo","2012 Poraba goriv za transformacijo ni vključena Kurilno olje, ekstra lahko","2012 Poraba goriv za transformacijo ni vključena Odpadna olja","2012 Poraba goriv za transformacijo ni vključena Zemeljski plin","2012 Poraba goriv za transformacijo ni vključena Toplotna energija","2012 Vključno s porabo goriv za transformacijo Električna energija","2012 Vključno s porabo goriv za transformacijo Črni premog","2012 Vključno s porabo goriv za transformacijo Rjavi premog","2012 Vključno s porabo goriv za transformacijo Lignit","2012 Vključno s porabo goriv za transformacijo Koks","2012 Vključno s porabo goriv za transformacijo Petrol koks","2012 Vključno s porabo goriv za transformacijo Les in lesni odpadki","2012 Vključno s porabo goriv za transformacijo Utekočinjen naftni plin","2012 Vključno s porabo goriv za transformacijo Petrolej","2012 Vključno s porabo goriv za transformacijo Dizelsko gorivo","2012 Vključno s porabo goriv za transformacijo Kurilno olje, ekstra lahko","2012 Vključno s porabo goriv za transformacijo Odpadna olja","2012 Vključno s porabo goriv za transformacijo Zemeljski plin","2012 Vključno s porabo goriv za transformacijo Toplotna energija","2013 Poraba goriv za transformacijo ni vključena Električna energija","2013 Poraba goriv za transformacijo ni vključena Črni premog","2013 Poraba goriv za transformacijo ni vključena Rjavi premog","2013 Poraba goriv za transformacijo ni vključena Lignit","2013 Poraba goriv za transformacijo ni vključena Koks","2013 Poraba goriv za transformacijo ni vključena Petrol koks","2013 Poraba goriv za transformacijo ni vključena Les in lesni odpadki","2013 Poraba goriv za transformacijo ni vključena Utekočinjen naftni plin","2013 Poraba goriv za transformacijo ni vključena Petrolej","2013 Poraba goriv za transformacijo ni vključena Dizelsko gorivo","2013 Poraba goriv za transformacijo ni vključena Kurilno olje, ekstra lahko","2013 Poraba goriv za transformacijo ni vključena Odpadna olja","2013 Poraba goriv za transformacijo ni vključena Zemeljski plin","2013 Poraba goriv za transformacijo ni vključena Toplotna energija","2013 Vključno s porabo goriv za transformacijo Električna energija","2013 Vključno s porabo goriv za transformacijo Črni premog","2013 Vključno s porabo goriv za transformacijo Rjavi premog","2013 Vključno s porabo goriv za transformacijo Lignit","2013 Vključno s porabo goriv za transformacijo Koks","2013 Vključno s porabo goriv za transformacijo Petrol koks","2013 Vključno s porabo goriv za transformacijo Les in lesni odpadki","2013 Vključno s porabo goriv za transformacijo Utekočinjen naftni plin","2013 Vključno s porabo goriv za transformacijo Petrolej","2013 Vključno s porabo goriv za transformacijo Dizelsko gorivo","2013 Vključno s porabo goriv za transformacijo Kurilno olje, ekstra lahko","2013 Vključno s porabo goriv za transformacijo Odpadna olja","2013 Vključno s porabo goriv za transformacijo Zemeljski plin","2013 Vključno s porabo goriv za transformacijo Toplotna energija","2014 Poraba goriv za transformacijo ni vključena Električna energija","2014 Poraba goriv za transformacijo ni vključena Črni premog","2014 Poraba goriv za transformacijo ni vključena Rjavi premog","2014 Poraba goriv za transformacijo ni vključena Lignit","2014 Poraba goriv za transformacijo ni vključena Koks","2014 Poraba goriv za transformacijo ni vključena Petrol koks","2014 Poraba goriv za transformacijo ni vključena Les in lesni odpadki","2014 Poraba goriv za transformacijo ni vključena Utekočinjen naftni plin","2014 Poraba goriv za transformacijo ni vključena Petrolej","2014 Poraba goriv za transformacijo ni vključena Dizelsko gorivo","2014 Poraba goriv za transformacijo ni vključena Kurilno olje, ekstra lahko","2014 Poraba goriv za transformacijo ni vključena Odpadna olja","2014 Poraba goriv za transformacijo ni vključena Zemeljski plin","2014 Poraba goriv za transformacijo ni vključena Toplotna energija","2014 Vključno s porabo goriv za transformacijo Električna energija","2014 Vključno s porabo goriv za transformacijo Črni premog","2014 Vključno s porabo goriv za transformacijo Rjavi premog","2014 Vključno s porabo goriv za transformacijo Lignit","2014 Vključno s porabo goriv za transformacijo Koks","2014 Vključno s porabo goriv za transformacijo Petrol koks","2014 Vključno s porabo goriv za transformacijo Les in lesni odpadki","2014 Vključno s porabo goriv za transformacijo Utekočinjen naftni plin","2014 Vključno s porabo goriv za transformacijo Petrolej","2014 Vključno s porabo goriv za transformacijo Dizelsko gorivo","2014 Vključno s porabo goriv za transformacijo Kurilno olje, ekstra lahko","2014 Vključno s porabo goriv za transformacijo Odpadna olja","2014 Vključno s porabo goriv za transformacijo Zemeljski plin","2014 Vključno s porabo goriv za transformacijo Toplotna energija","2015 Poraba goriv za transformacijo ni vključena Električna energija","2015 Poraba goriv za transformacijo ni vključena Črni premog","2015 Poraba goriv za transformacijo ni vključena Rjavi premog","2015 Poraba goriv za transformacijo ni vključena Lignit","2015 Poraba goriv za transformacijo ni vključena Koks","2015 Poraba goriv za transformacijo ni vključena Petrol koks","2015 Poraba goriv za transformacijo ni vključena Les in lesni odpadki","2015 Poraba goriv za transformacijo ni vključena Utekočinjen naftni plin","2015 Poraba goriv za transformacijo ni vključena Petrolej","2015 Poraba goriv za transformacijo ni vključena Dizelsko gorivo","2015 Poraba goriv za transformacijo ni vključena Kurilno olje, ekstra lahko","2015 Poraba goriv za transformacijo ni vključena Odpadna olja","2015 Poraba goriv za transformacijo ni vključena Zemeljski plin","2015 Poraba goriv za transformacijo ni vključena Toplotna energija","2015 Vključno s porabo goriv za transformacijo Električna energija","2015 Vključno s porabo goriv za transformacijo Črni premog","2015 Vključno s porabo goriv za transformacijo Rjavi premog","2015 Vključno s porabo goriv za transformacijo Lignit","2015 Vključno s porabo goriv za transformacijo Koks","2015 Vključno s porabo goriv za transformacijo Petrol koks","2015 Vključno s porabo goriv za transformacijo Les in lesni odpadki","2015 Vključno s porabo goriv za transformacijo Utekočinjen naftni plin","2015 Vključno s porabo goriv za transformacijo Petrolej","2015 Vključno s porabo goriv za transformacijo Dizelsko gorivo","2015 Vključno s porabo goriv za transformacijo Kurilno olje, ekstra lahko","2015 Vključno s porabo goriv za transformacijo Odpadna olja","2015 Vključno s porabo goriv za transformacijo Zemeljski plin","2015 Vključno s porabo goriv za transformacijo Toplotna energija","2016 Poraba goriv za transformacijo ni vključena Električna energija","2016 Poraba goriv za transformacijo ni vključena Črni premog","2016 Poraba goriv za transformacijo ni vključena Rjavi premog","2016 Poraba goriv za transformacijo ni vključena Lignit","2016 Poraba goriv za transformacijo ni vključena Koks","2016 Poraba goriv za transformacijo ni vključena Petrol koks","2016 Poraba goriv za transformacijo ni vključena Les in lesni odpadki","2016 Poraba goriv za transformacijo ni vključena Utekočinjen naftni plin","2016 Poraba goriv za transformacijo ni vključena Petrolej","2016 Poraba goriv za transformacijo ni vključena Dizelsko gorivo","2016 Poraba goriv za transformacijo ni vključena Kurilno olje, ekstra lahko","2016 Poraba goriv za transformacijo ni vključena Odpadna olja","2016 Poraba goriv za transformacijo ni vključena Zemeljski plin","2016 Poraba goriv za transformacijo ni vključena Toplotna energija","2016 Vključno s porabo goriv za transformacijo Električna energija","2016 Vključno s porabo goriv za transformacijo Črni premog","2016 Vključno s porabo goriv za transformacijo Rjavi premog","2016 Vključno s porabo goriv za transformacijo Lignit","2016 Vključno s porabo goriv za transformacijo Koks","2016 Vključno s porabo goriv za transformacijo Petrol koks","2016 Vključno s porabo goriv za transformacijo Les in lesni odpadki","2016 Vključno s porabo goriv za transformacijo Utekočinjen naftni plin","2016 Vključno s porabo goriv za transformacijo Petrolej","2016 Vključno s porabo goriv za transformacijo Dizelsko gorivo","2016 Vključno s porabo goriv za transformacijo Kurilno olje, ekstra lahko","2016 Vključno s porabo goriv za transformacijo Odpadna olja","2016 Vključno s porabo goriv za transformacijo Zemeljski plin","2016 Vključno s porabo goriv za transformacijo Toplotna energija","2017 Poraba goriv za transformacijo ni vključena Električna energija","2017 Poraba goriv za transformacijo ni vključena Črni premog","2017 Poraba goriv za transformacijo ni vključena Rjavi premog","2017 Poraba goriv za transformacijo ni vključena Lignit","2017 Poraba goriv za transformacijo ni vključena Koks","2017 Poraba goriv za transformacijo ni vključena Petrol koks","2017 Poraba goriv za transformacijo ni vključena Les in lesni odpadki","2017 Poraba goriv za transformacijo ni vključena Utekočinjen naftni plin","2017 Poraba goriv za transformacijo ni vključena Petrolej","2017 Poraba goriv za transformacijo ni vključena Dizelsko gorivo","2017 Poraba goriv za transformacijo ni vključena Kurilno olje, ekstra lahko","2017 Poraba goriv za transformacijo ni vključena Odpadna olja","2017 Poraba goriv za transformacijo ni vključena Zemeljski plin","2017 Poraba goriv za transformacijo ni vključena Toplotna energija","2017 Vključno s porabo goriv za transformacijo Električna energija","2017 Vključno s porabo goriv za transformacijo Črni premog","2017 Vključno s porabo goriv za transformacijo Rjavi premog","2017 Vključno s porabo goriv za transformacijo Lignit","2017 Vključno s porabo goriv za transformacijo Koks","2017 Vključno s porabo goriv za transformacijo Petrol koks","2017 Vključno s porabo goriv za transformacijo Les in lesni odpadki","2017 Vključno s porabo goriv za transformacijo Utekočinjen naftni plin","2017 Vključno s porabo goriv za transformacijo Petrolej","2017 Vključno s porabo goriv za transformacijo Dizelsko gorivo","2017 Vključno s porabo goriv za transformacijo Kurilno olje, ekstra lahko","2017 Vključno s porabo goriv za transformacijo Odpadna olja","2017 Vključno s porabo goriv za transformacijo Zemeljski plin","2017 Vključno s porabo goriv za transformacijo Toplotna energija","2018 Poraba goriv za transformacijo ni vključena Električna energija","2018 Poraba goriv za transformacijo ni vključena Črni premog","2018 Poraba goriv za transformacijo ni vključena Rjavi premog","2018 Poraba goriv za transformacijo ni vključena Lignit","2018 Poraba goriv za transformacijo ni vključena Koks","2018 Poraba goriv za transformacijo ni vključena Petrol koks","2018 Poraba goriv za transformacijo ni vključena Les in lesni odpadki","2018 Poraba goriv za transformacijo ni vključena Utekočinjen naftni plin","2018 Poraba goriv za transformacijo ni vključena Petrolej","2018 Poraba goriv za transformacijo ni vključena Dizelsko gorivo","2018 Poraba goriv za transformacijo ni vključena Kurilno olje, ekstra lahko","2018 Poraba goriv za transformacijo ni vključena Odpadna olja","2018 Poraba goriv za transformacijo ni vključena Zemeljski plin","2018 Poraba goriv za transformacijo ni vključena Toplotna energija","2018 Vključno s porabo goriv za transformacijo Električna energija","2018 Vključno s porabo goriv za transformacijo Črni premog","2018 Vključno s porabo goriv za transformacijo Rjavi premog","2018 Vključno s porabo goriv za transformacijo Lignit","2018 Vključno s porabo goriv za transformacijo Koks","2018 Vključno s porabo goriv za transformacijo Petrol koks","2018 Vključno s porabo goriv za transformacijo Les in lesni odpadki","2018 Vključno s porabo goriv za transformacijo Utekočinjen naftni plin","2018 Vključno s porabo goriv za transformacijo Petrolej","2018 Vključno s porabo goriv za transformacijo Dizelsko gorivo","2018 Vključno s porabo goriv za transformacijo Kurilno olje, ekstra lahko","2018 Vključno s porabo goriv za transformacijo Odpadna olja","2018 Vključno s porabo goriv za transformacijo Zemeljski plin","2018 Vključno s porabo goriv za transformacijo Toplotna energija","2019 Poraba goriv za transformacijo ni vključena Električna energija","2019 Poraba goriv za transformacijo ni vključena Črni premog","2019 Poraba goriv za transformacijo ni vključena Rjavi premog","2019 Poraba goriv za transformacijo ni vključena Lignit","2019 Poraba goriv za transformacijo ni vključena Koks","2019 Poraba goriv za transformacijo ni vključena Petrol koks","2019 Poraba goriv za transformacijo ni vključena Les in lesni odpadki","2019 Poraba goriv za transformacijo ni vključena Utekočinjen naftni plin","2019 Poraba goriv za transformacijo ni vključena Petrolej","2019 Poraba goriv za transformacijo ni vključena Dizelsko gorivo","2019 Poraba goriv za transformacijo ni vključena Kurilno olje, ekstra lahko","2019 Poraba goriv za transformacijo ni vključena Odpadna olja","2019 Poraba goriv za transformacijo ni vključena Zemeljski plin","2019 Poraba goriv za transformacijo ni vključena Toplotna energija","2019 Vključno s porabo goriv za transformacijo Električna energija","2019 Vključno s porabo goriv za transformacijo Črni premog","2019 Vključno s porabo goriv za transformacijo Rjavi premog","2019 Vključno s porabo goriv za transformacijo Lignit","2019 Vključno s porabo goriv za transformacijo Koks","2019 Vključno s porabo goriv za transformacijo Petrol koks","2019 Vključno s porabo goriv za transformacijo Les in lesni odpadki","2019 Vključno s porabo goriv za transformacijo Utekočinjen naftni plin","2019 Vključno s porabo goriv za transformacijo Petrolej","2019 Vključno s porabo goriv za transformacijo Dizelsko gorivo","2019 Vključno s porabo goriv za transformacijo Kurilno olje, ekstra lahko","2019 Vključno s porabo goriv za transformacijo Odpadna olja","2019 Vključno s porabo goriv za transformacijo Zemeljski plin","2019 Vključno s porabo goriv za transformacijo Toplotna energija","2020 Poraba goriv za transformacijo ni vključena Električna energija","2020 Poraba goriv za transformacijo ni vključena Črni premog","2020 Poraba goriv za transformacijo ni vključena Rjavi premog","2020 Poraba goriv za transformacijo ni vključena Lignit","2020 Poraba goriv za transformacijo ni vključena Koks","2020 Poraba goriv za transformacijo ni vključena Petrol koks","2020 Poraba goriv za transformacijo ni vključena Les in lesni odpadki","2020 Poraba goriv za transformacijo ni vključena Utekočinjen naftni plin","2020 Poraba goriv za transformacijo ni vključena Petrolej","2020 Poraba goriv za transformacijo ni vključena Dizelsko gorivo","2020 Poraba goriv za transformacijo ni vključena Kurilno olje, ekstra lahko","2020 Poraba goriv za transformacijo ni vključena Odpadna olja","2020 Poraba goriv za transformacijo ni vključena Zemeljski plin","2020 Poraba goriv za transformacijo ni vključena Toplotna energija","2020 Vključno s porabo goriv za transformacijo Električna energija","2020 Vključno s porabo goriv za transformacijo Črni premog","2020 Vključno s porabo goriv za transformacijo Rjavi premog","2020 Vključno s porabo goriv za transformacijo Lignit","2020 Vključno s porabo goriv za transformacijo Koks","2020 Vključno s porabo goriv za transformacijo Petrol koks","2020 Vključno s porabo goriv za transformacijo Les in lesni odpadki","2020 Vključno s porabo goriv za transformacijo Utekočinjen naftni plin","2020 Vključno s porabo goriv za transformacijo Petrolej","2020 Vključno s porabo goriv za transformacijo Dizelsko gorivo","2020 Vključno s porabo goriv za transformacijo Kurilno olje, ekstra lahko","2020 Vključno s porabo goriv za transformacijo Odpadna olja","2020 Vključno s porabo goriv za transformacijo Zemeljski plin","2020 Vključno s porabo goriv za transformacijo Toplotna energija"
"SKUPAJ A, B, C, D, E, F",22992,1515,860,-,968,1633,2771,981,1,2275,1982,160,22047,2949,22992,1515,1344,-,968,1633,3097,981,1,2275,1982,160,22878,2949,18132,548,957,-,744,1367,2219,873,0,1834,1733,175,18878,2457,18132,548,1356,-,744,1367,2739,873,0,1835,1735,175,19690,2457,20001,405,749,168,755,939,2487,916,1,1294,1775,181,20250,2329,20001,405,1125,246,755,939,3028,916,1,1294,1776,181,20856,2329,21353,360,677,319,860,809,2080,1056,-,1074,1493,134,17827,2500,21353,360,959,453,860,809,2493,1056,-,1074,1494,134,18266,2500,21561,323,666,273,834,757,1627,1020,-,1060,1349,94,17440,2356,21561,323,913,374,834,757,2013,1020,-,1060,1351,94,17933,2356,21389,107,697,296,885,1329,2019,970,-,983,1261,49,16487,2246,21389,107,944,402,885,1329,2452,970,-,983,1263,49,16968,2246,22011,82,698,267,836,1369,2995,1014,-,958,975,5,16402,2087,22011,82,939,366,836,1369,3440,1014,-,958,976,5,16891,2087,22530,79,663,218,688,970,2852,885,-,1015,961,53,16848,2126,22530,79,914,301,688,970,3348,885,-,1015,963,53,17301,2126,22651,52,735,74,646,924,2817,923,-,1028,964,128,17398,2202,22651,52,1009,102,646,924,3282,923,-,1028,970,128,17849,2202,23407,60,804,-,720,1066,2865,1015,-,1110,769,131,18373,2236,23407,60,1101,-,720,1066,3365,1015,-,1110,770,131,18880,2236,24320,58,5659,993,714,1181,3644,1165,0,4082,808,96,21807,2226,24320,58,7510,37523,714,1181,4313,1166,0,4082,933,96,23631,2226,24400,84,4604,967,712,1145,3802,1010,0,4111,695,70,20877,2391,24400,91,6065,36591,712,1145,4700,1012,0,4111,744,70,23221,2391,22570,140,4117,948,648,1321,4070,1037,0,4099,593,18,20525,2402,22570,167,5368,35658,648,1321,4916,1039,0,4099,658,18,23171,2402
"A Kmetijstvo in lov, gozdarstvo, ribištvo",-,-,-,-,-,-,-,-,-,-,-,-,-,-,-,-,-,-,-,-,-,-,-,-,-,-,-,-,-,-,-,-,-,-,-,-,-,-,-,-,-,-,-,-,-,-,-,-,-,-,-,-,-,-,-,-,-,-,-,-,-,-,-,-,-,-,-,-,-,-,-,-,-,-,-,-,-,-,-,-,-,-,-,-,-,-,-,-,-,-,-,-,-,-,-,-,-,-,-,-,-,-,-,-,-,-,-,-,-,-,-,-,-,-,-,-,-,-,-,-,-,-,-,-,-,-,-,-,-,-,-,-,-,-,-,-,-,-,-,-,-,-,-,-,-,-,-,-,-,-,-,-,-,-,-,-,-,-,-,-,-,-,-,-,-,-,-,-,-,-,-,-,-,-,-,-,-,-,-,-,-,-,-,-,-,-,-,-,-,-,-,-,-,-,-,-,-,-,-,-,-,-,-,-,-,-,-,-,-,-,-,-,-,-,-,-,-,-,-,-,-,-,-,-,-,-,-,-,-,-,-,-,-,-,-,-,-,-,-,-,-,-,-,-,-,-,-,-,-,-,-,-,-,-,-,-,-,-,-,-,-,-,-,-,-,-,-,-,-,-,-,-,-,-,-,-,-,-,-,-,61,-,-,-,-,-,39,8,-,2742,23,-,31,1,61,-,-,-,-,-,39,8,-,2742,23,-,31,1,62,-,0,-,-,-,27,11,-,2712,21,-,32,0,62,-,0,-,-,-,27,11,-,2712,21,-,32,0,69,-,-,-,-,-,32,16,-,2664,20,-,42,0,69,-,-,-,-,-,32,16,-,2664,20,-,42,0
"B Rudarstvo",552,-,-,-,-,-,-,50,-,167,76,-,106,81,552,-,-,-,-,-,-,50,-,167,76,-,106,81,568,-,-,-,-,-,-,56,-,143,60,-,149,93,568,-,-,-,-,-,-,56,-,143,60,-,149,93,599,-,-,-,-,-,-,73,-,118,55,-,57,80,599,-,-,-,-,-,-,73,-,118,55,-,57,80,577,-,-,-,-,-,-,88,-,101,10,-,53,59,577,-,-,-,-,-,-,88,-,101,10,-,53,59,598,-,-,-,-,-,-,88,-,86,8,-,39,66,598,-,-,-,-,-,-,88,-,86,8,-,39,66,670,-,-,-,-,-,-,87,-,96,4,-,42,74,670,-,-,-,-,-,-,87,-,96,4,-,42,74,686,-,-,-,-,-,-,97,-,88,2,-,42,55,686,-,-,-,-,-,-,97,-,88,2,-,42,55,680,-,-,-,-,-,-,7,-,95,4,-,155,69,680,-,-,-,-,-,-,7,-,95,4,-,155,69,679,-,-,-,-,-,-,1,-,95,4,-,141,73,679,-,-,-,-,-,-,1,-,95,4,-,141,73,732,-,-,-,-,-,-,1,-,98,3,-,160,85,732,-,-,-,-,-,-,1,-,98,3,-,160,85,762,-,-,-,-,-,-,3,-,106,1,-,155,74,762,-,-,-,-,-,-,3,-,106,1,-,155,74,752,-,-,-,-,-,-,0,-,107,0,-,147,53,752,-,-,-,-,-,-,0,-,107,0,-,147,53,728,-,-,-,-,-,-,1,-,97,4,-,241,48,728,-,-,-,-,-,-,1,-,97,4,-,241,48
"B05 Pridobivanje premoga",271,-,-,-,-,-,-,1,-,15,-,-,-,81,271,-,-,-,-,-,-,1,-,15,-,-,-,81,253,-,-,-,-,-,-,-,-,13,-,-,-,93,253,-,-,-,-,-,-,-,-,13,-,-,-,93,246,-,-,-,-,-,-,-,-,11,-,-,-,79,246,-,-,-,-,-,-,-,-,11,-,-,-,79,243,-,-,-,-,-,-,-,-,11,-,-,-,58,243,-,-,-,-,-,-,-,-,11,-,-,-,58,242,-,-,-,-,-,-,-,-,13,-,-,-,66,242,-,-,-,-,-,-,-,-,13,-,-,-,66,228,-,-,-,-,-,-,-,-,10,-,-,-,74,228,-,-,-,-,-,-,-,-,10,-,-,-,74,205,-,-,-,-,-,-,-,-,8,-,-,-,55,205,-,-,-,-,-,-,-,-,8,-,-,-,55,215,-,-,-,-,-,-,-,-,8,-,-,-,69,215,-,-,-,-,-,-,-,-,8,-,-,-,69,206,-,-,-,-,-,-,-,-,8,-,-,-,73,206,-,-,-,-,-,-,-,-,8,-,-,-,73,201,-,-,-,-,-,-,-,-,8,-,-,-,85,201,-,-,-,-,-,-,-,-,8,-,-,-,85,198,-,-,-,-,-,-,-,-,11,-,-,-,74,198,-,-,-,-,-,-,-,-,11,-,-,-,74,204,-,-,-,-,-,-,-,-,9,-,-,-,53,204,-,-,-,-,-,-,-,-,9,-,-,-,53,199,-,-,-,-,-,-,-,-,8,-,-,-,48,199,-,-,-,-,-,-,-,-,8,-,-,-,48
"B06 Pridobivanje sur.nafte in zemelj.plina",-,-,-,-,-,-,-,-,-,-,-,-,-,-,-,-,-,-,-,-,-,-,-,-,-,-,-,-,-,-,-,-,-,-,-,-,-,-,-,-,-,-,-,-,-,-,-,-,-,-,-,-,-,-,-,-,-,-,-,-,-,-,-,-,-,-,-,-,-,-,-,-,-,-,-,-,-,-,-,-,-,-,-,-,-,-,-,-,-,-,-,-,-,-,-,-,-,-,-,-,-,-,-,-,-,-,-,-,-,-,-,-,-,-,-,-,-,-,-,-,-,-,-,-,-,-,-,-,-,-,-,-,-,-,-,-,-,-,-,-,-,-,-,-,-,-,-,-,-,-,-,-,-,-,-,-,-,-,-,-,-,-,-,-,-,-,-,-,-,-,-,-,-,-,-,-,-,-,-,-,-,-,-,-,-,-,-,-,-,-,-,-,-,-,-,-,-,-,-,-,-,-,-,-,-,-,-,-,-,-,-,-,-,-,-,-,-,-,-,-,-,-,-,-,-,-,-,-,-,-,-,-,-,-,-,-,-,-,-,-,-,-,-,-,-,-,-,-,-,-,-,-,-,-,-,-,-,-,-,-,-,-,-,-,-,-,-,-,-,-,-,-,-,-,-,-,-,-,-,-,-,-,-,-,-,-,-,-,-,-,-,-,-,-,-,-,-,-,-,-,-,-,-,-,-,-,-,-,-,-,-,-,-,-,-,-,-,-,-,-,-,-,-,-,-,-,-,-,-,-,-,-,-,-,-,-,-,-,-,-,-,-,-,-,-,-,-,-,-,-,-,-,-,-,-,-,-,-,-,-,-,-,-,-
"B07 Pridobivanje rud",-,-,-,-,-,-,-,-,-,-,-,-,-,-,-,-,-,-,-,-,-,-,-,-,-,-,-,-,-,-,-,-,-,-,-,-,-,-,-,-,-,-,-,-,-,-,-,-,-,-,-,-,-,-,-,-,-,-,-,-,-,-,-,-,-,-,-,-,-,-,-,-,-,-,-,-,-,-,-,-,-,-,-,-,-,-,-,-,-,-,-,-,-,-,-,-,-,-,-,-,-,-,-,-,-,-,-,-,-,-,-,-,-,-,-,-,-,-,-,-,-,-,-,-,-,-,-,-,-,-,-,-,-,-,-,-,-,-,-,-,-,-,-,-,-,-,-,-,-,-,-,-,-,-,-,-,-,-,-,-,-,-,-,-,-,-,-,-,-,-,-,-,-,-,-,-,-,-,-,-,-,-,-,-,-,-,-,-,-,-,-,-,-,-,-,-,-,-,-,-,-,-,-,-,-,-,-,-,-,-,-,-,-,-,-,-,-,-,-,-,-,-,-,-,-,-,-,-,-,-,-,-,-,-,-,-,-,-,-,-,-,-,-,-,-,-,-,-,-,-,-,-,-,-,-,-,-,-,-,-,-,-,-,-,-,-,-,-,-,-,-,-,-,-,-,-,-,-,-,-,-,-,-,-,-,-,-,-,-,-,-,-,-,-,-,-,-,-,-,-,-,-,-,-,-,-,-,-,-,-,-,-,-,-,-,-,-,-,-,-,-,-,-,-,-,-,-,-,-,-,-,-,-,-,-,-,-,-,-,-,-,-,-,-,-,-,-,-,-,-,-,-,-,-,-,-,-,-,-,-,-,-,-,-
"B08 Pridobivanje rudnin in kamnin",280,-,-,-,-,-,-,49,-,146,76,-,106,-,280,-,-,-,-,-,-,49,-,146,76,-,106,-,314,-,-,-,-,-,-,56,-,129,60,-,149,-,314,-,-,-,-,-,-,56,-,129,60,-,149,-,351,-,-,-,-,-,-,73,-,106,55,-,51,1,351,-,-,-,-,-,-,73,-,106,55,-,51,1,333,-,-,-,-,-,-,88,-,89,10,-,44,1,333,-,-,-,-,-,-,88,-,89,10,-,44,1,356,-,-,-,-,-,-,88,-,71,8,-,35,-,356,-,-,-,-,-,-,88,-,71,8,-,35,-,440,-,-,-,-,-,-,87,-,84,4,-,42,-,440,-,-,-,-,-,-,87,-,84,4,-,42,-,480,-,-,-,-,-,-,97,-,79,2,-,41,-,480,-,-,-,-,-,-,97,-,79,2,-,41,-,464,-,-,-,-,-,-,7,-,87,4,-,155,0,464,-,-,-,-,-,-,7,-,87,4,-,155,0,472,-,-,-,-,-,-,1,-,86,4,-,140,-,472,-,-,-,-,-,-,1,-,86,4,-,140,-,530,-,-,-,-,-,-,1,-,89,3,-,156,0,530,-,-,-,-,-,-,1,-,89,3,-,156,0,564,-,-,-,-,-,-,3,-,96,1,-,155,-,564,-,-,-,-,-,-,3,-,96,1,-,155,-,548,-,-,-,-,-,-,0,-,98,0,-,147,-,548,-,-,-,-,-,-,0,-,98,0,-,147,-,529,-,-,-,-,-,-,1,-,89,4,-,238,-,529,-,-,-,-,-,-,1,-,89,4,-,238,-
"B09 Stor.za rudarstvo",1,-,-,-,-,-,-,-,-,6,-,-,-,-,1,-,-,-,-,-,-,-,-,6,-,-,-,-,1,-,-,-,-,-,-,-,-,1,-,-,-,-,1,-,-,-,-,-,-,-,-,1,-,-,-,-,1,-,-,-,-,-,-,-,-,1,-,-,5,-,1,-,-,-,-,-,-,-,-,1,-,-,5,-,1,-,-,-,-,-,-,-,-,1,-,-,9,-,1,-,-,-,-,-,-,-,-,1,-,-,9,-,1,-,-,-,-,-,-,-,-,2,-,-,4,-,1,-,-,-,-,-,-,-,-,2,-,-,4,-,2,-,-,-,-,-,-,-,-,3,-,-,1,-,2,-,-,-,-,-,-,-,-,3,-,-,1,-,1,-,-,-,-,-,-,-,-,1,-,-,1,-,1,-,-,-,-,-,-,-,-,1,-,-,1,-,1,-,-,-,-,-,-,-,-,0,-,-,1,-,1,-,-,-,-,-,-,-,-,0,-,-,1,-,1,-,-,-,-,-,-,-,-,1,-,-,1,-,1,-,-,-,-,-,-,-,-,1,-,-,1,-,2,-,-,-,-,-,-,-,-,1,-,-,4,-,2,-,-,-,-,-,-,-,-,1,-,-,4,-,-,-,-,-,-,-,-,-,-,-,-,-,-,-,-,-,-,-,-,-,-,-,-,-,-,-,-,-,0,-,-,-,-,-,-,-,-,0,-,-,0,-,0,-,-,-,-,-,-,-,-,0,-,-,0,-,0,-,-,-,-,-,-,-,-,0,-,-,2,-,0,-,-,-,-,-,-,-,-,0,-,-,2,-
"C Predelovalne dejavnosti",22175,1515,858,-,968,1633,2745,900,0,252,1666,160,21861,2859,22175,1515,1343,-,968,1633,3070,900,0,252,1666,160,22691,2859,17334,548,955,-,744,1367,2211,805,-,221,1495,175,18637,2333,17334,548,1355,-,744,1367,2732,805,-,221,1497,175,19450,2333,19201,405,747,168,755,939,2458,833,-,261,1560,181,19978,2233,19201,405,1124,246,755,939,2999,833,-,261,1561,181,20584,2233,20584,360,677,319,860,809,2070,961,-,253,1337,134,17554,2425,20584,360,959,453,860,809,2493,961,-,253,1338,134,17993,2425,20807,323,666,273,834,757,1622,924,-,222,1235,94,17004,2267,20807,323,913,374,834,757,2008,924,-,222,1237,94,17498,2267,20570,107,697,296,885,1329,2013,879,-,250,1120,49,16276,2162,20570,107,944,402,885,1329,2446,879,-,250,1121,49,16758,2162,21189,82,698,267,836,1369,2988,914,-,271,892,5,16176,2025,21189,82,939,366,836,1369,3433,914,-,271,893,5,16665,2025,21687,79,663,218,688,970,2846,857,-,257,855,53,16502,2052,21687,79,914,301,688,970,3341,857,-,257,857,53,16956,2052,21810,52,735,74,646,924,2811,889,-,259,855,128,17089,2124,21810,52,1009,102,646,924,3275,889,-,259,861,128,17540,2124,22500,60,804,-,720,1066,2858,952,-,253,697,131,18012,2136,22500,60,1101,-,720,1066,3358,952,-,253,698,131,18519,2136,22715,58,N,-,714,1181,2512,1040,0,289,698,96,18766,1945,22715,58,N,-,714,1181,2839,1040,0,289,706,96,19273,1945,22657,84,849,-,712,1145,2690,801,0,349,586,63,18414,2152,22657,91,1148,-,712,1145,3102,801,0,349,589,63,18951,2152,20849,140,N,-,648,1321,2785,762,0,328,476,12,18105,2149,20849,167,N,-,648,1321,3255,763,0,328,477,12,18798,2149
"C10 Prz.živil",822,-,-,-,-,-,-,35,-,6,445,-,1019,170,822,-,-,-,-,-,-,35,-,6,445,-,1019,170,785,-,-,-,-,-,-,39,-,6,406,-,977,169,785,-,-,-,-,-,-,39,-,6,406,-,981,169,779,-,-,-,-,-,-,44,-,14,437,-,898,174,779,-,-,-,-,-,-,44,-,14,437,-,898,174,768,-,-,-,-,-,15,74,-,12,377,-,759,175,768,-,-,-,-,-,15,74,-,12,377,-,759,175,758,-,-,-,-,-,22,63,-,2,311,-,681,151,758,-,-,-,-,-,22,63,-,2,311,-,681,151,754,-,-,-,-,-,49,60,-,9,300,-,714,134,754,-,-,-,-,-,49,60,-,9,300,-,714,134,804,-,-,-,-,-,57,63,-,11,263,-,1106,118,804,-,-,-,-,-,57,63,-,11,263,-,1106,118,840,-,-,-,-,-,64,83,-,11,249,-,842,118,840,-,-,-,-,-,64,83,-,11,249,-,842,118,835,-,-,-,-,-,44,107,-,10,218,-,876,127,835,-,-,-,-,-,44,107,-,10,218,-,876,127,898,-,-,-,-,-,36,134,-,10,178,-,914,133,898,-,-,-,-,-,36,134,-,10,178,-,914,133,826,-,-,-,-,-,45,99,-,20,140,-,1292,131,826,-,-,-,-,-,45,99,-,20,140,-,1292,131,878,-,-,-,-,-,67,119,-,21,134,-,1055,170,878,-,-,-,-,-,67,119,-,21,134,-,1055,170,860,-,-,-,-,-,53,164,-,21,94,-,1082,166,860,-,-,-,-,-,53,164,-,21,94,-,1082,166
"C11 Prz.pijač",242,-,-,-,-,-,-,7,-,11,24,-,453,-,242,-,-,-,-,-,-,7,-,11,24,-,462,-,217,-,-,-,-,-,-,5,-,11,14,-,378,-,217,-,-,-,-,-,-,5,-,11,14,-,380,-,216,-,-,-,-,-,-,4,-,12,14,-,372,-,216,-,-,-,-,-,-,4,-,12,14,-,372,-,221,-,-,-,-,-,-,4,-,9,11,-,345,-,221,-,-,-,-,-,-,4,-,9,11,-,345,-,228,-,-,-,-,-,-,8,-,9,33,-,311,-,228,-,-,-,-,-,-,8,-,9,33,-,311,-,202,-,-,-,-,-,0,7,-,10,33,-,296,-,202,-,-,-,-,-,0,7,-,10,33,-,296,-,206,-,-,-,-,-,0,7,-,9,31,-,282,-,206,-,-,-,-,-,0,7,-,9,31,-,282,-,202,-,-,-,-,-,0,6,-,11,33,-,255,10,202,-,-,-,-,-,0,6,-,11,33,-,255,10,193,-,-,-,-,-,0,6,-,10,34,-,224,18,193,-,-,-,-,-,0,6,-,10,34,-,224,18,183,-,-,-,-,-,0,5,-,9,33,-,215,17,183,-,-,-,-,-,0,5,-,9,33,-,215,17,150,-,-,-,-,-,0,26,-,8,10,-,197,14,150,-,-,-,-,-,0,26,-,8,10,-,197,14,149,-,-,-,-,-,0,35,-,8,9,-,195,13,149,-,-,-,-,-,0,35,-,8,9,-,195,13,145,-,-,-,-,-,N,N,-,9,10,-,206,N,145,-,-,-,-,-,N,N,-,9,10,-,206,N
"C12 Prz.tobačnih izd.",-,-,-,-,-,-,-,-,-,-,-,-,-,-,-,-,-,-,-,-,-,-,-,-,-,-,-,-,-,-,-,-,-,-,-,-,-,-,-,-,-,-,-,-,-,-,-,-,-,-,-,-,-,-,-,-,-,-,-,-,-,-,-,-,-,-,-,-,-,-,-,-,-,-,-,-,-,-,-,-,-,-,-,-,-,-,-,-,-,-,-,-,-,-,-,-,-,-,-,-,-,-,-,-,-,-,-,-,-,-,-,-,-,-,-,-,-,-,-,-,-,-,-,-,-,-,-,-,-,-,-,-,-,-,-,-,-,-,-,-,-,-,-,-,-,-,-,-,-,-,-,-,-,-,-,-,-,-,-,-,-,-,-,-,-,-,-,-,-,-,-,-,-,-,-,-,-,-,-,-,-,-,-,-,-,-,-,-,-,-,-,-,-,-,-,-,-,-,-,-,-,-,-,-,-,-,-,-,-,-,-,-,-,-,-,-,-,-,-,-,-,-,-,-,-,-,-,-,-,-,-,-,-,-,-,-,-,-,-,-,-,-,-,-,-,-,-,-,-,-,-,-,-,-,-,-,-,-,-,-,-,-,-,-,-,-,-,-,-,-,-,-,-,-,-,-,-,-,-,-,-,-,-,-,-,-,-,-,-,-,-,-,-,-,-,-,-,-,-,-,-,-,-,-,-,-,-,-,-,-,-,-,-,-,-,-,-,-,-,-,-,-,-,-,-,-,-,-,-,-,-,-,-,-,-,-,-,-,-,-,-,-,-,-,-,-,-,-,-,-,-,-,-,-,-,-,-,-,-,-,-,-,-,-
"C13 Prz.tekstilij",483,-,-,-,-,-,-,2,-,1,24,-,630,21,483,-,-,-,-,-,-,2,-,1,24,-,630,21,406,-,-,-,-,-,-,4,-,1,32,-,424,47,406,-,-,-,-,-,-,4,-,1,32,-,424,47,404,-,-,-,-,-,-,3,-,1,15,-,463,18,404,-,-,-,-,-,-,3,-,1,15,-,463,18,332,-,-,-,-,-,-,6,-,1,12,-,385,46,332,-,-,-,-,-,-,6,-,1,12,-,385,46,324,-,-,-,-,-,-,6,-,1,14,-,335,33,324,-,-,-,-,-,-,6,-,1,14,-,335,33,332,-,-,-,-,-,6,5,-,1,10,-,307,39,332,-,-,-,-,-,6,5,-,1,10,-,307,39,278,-,-,-,-,-,9,4,-,1,6,-,241,25,278,-,-,-,-,-,9,4,-,1,6,-,241,25,249,-,-,-,-,-,9,4,-,0,6,-,195,40,249,-,-,-,-,-,9,4,-,0,6,-,195,40,281,-,-,-,-,-,11,13,-,1,8,-,211,37,281,-,-,-,-,-,11,13,-,1,8,-,211,37,292,-,-,-,-,-,11,28,-,1,7,-,216,34,292,-,-,-,-,-,11,28,-,1,7,-,216,34,254,-,-,-,-,-,9,4,-,0,36,-,176,31,254,-,-,-,-,-,9,4,-,0,36,-,176,31,262,-,-,-,-,-,14,33,-,0,6,-,186,31,262,-,-,-,-,-,14,33,-,0,6,-,186,31,259,-,-,-,-,-,14,27,-,0,3,-,164,17,259,-,-,-,-,-,14,27,-,0,3,-,164,17
"C14 Prz.oblačil",107,-,-,-,-,-,-,1,-,-,35,-,147,3,107,-,-,-,-,-,-,1,-,-,35,-,147,3,69,-,-,-,-,-,-,-,-,0,19,-,112,2,69,-,-,-,-,-,-,-,-,0,19,-,112,2,60,-,-,-,-,-,-,0,-,0,13,-,72,26,60,-,-,-,-,-,-,0,-,0,13,-,72,26,59,-,-,-,-,-,-,0,-,2,9,-,65,33,59,-,-,-,-,-,-,0,-,2,9,-,65,33,31,-,-,-,-,-,-,0,-,0,9,-,57,1,31,-,-,-,-,-,-,0,-,0,9,-,57,1,49,-,-,-,-,-,-,0,-,0,9,-,55,30,49,-,-,-,-,-,-,0,-,0,9,-,55,30,43,-,-,-,-,-,-,0,-,0,9,-,39,17,43,-,-,-,-,-,-,0,-,0,9,-,39,17,35,-,-,-,-,-,-,1,-,1,9,-,32,3,35,-,-,-,-,-,-,1,-,1,9,-,32,3,34,-,-,-,-,-,1,0,-,0,7,-,33,11,34,-,-,-,-,-,1,0,-,0,7,-,33,11,30,-,-,-,-,-,2,0,-,0,8,-,30,8,30,-,-,-,-,-,2,0,-,0,8,-,30,8,31,-,-,-,-,-,N,-,-,N,7,-,10,-,31,-,-,-,-,-,N,-,-,N,7,-,10,-,32,-,-,-,-,-,N,3,-,N,4,-,5,N,32,-,-,-,-,-,N,3,-,N,4,-,5,N,19,-,-,-,-,-,N,N,-,N,5,-,11,-,19,-,-,-,-,-,N,N,-,N,5,-,11,-
"C15 Prz.usnja,usnjenih in sorodnih izd.",83,-,-,-,-,-,28,7,-,0,14,-,84,27,83,-,-,-,-,-,28,7,-,0,14,-,84,27,56,-,-,-,-,-,5,7,-,0,13,-,11,-,56,-,-,-,-,-,5,7,-,0,14,-,11,-,76,-,-,-,-,-,20,6,-,1,18,-,61,37,76,-,-,-,-,-,20,6,-,1,18,-,62,37,63,-,-,-,-,-,14,5,-,1,15,-,59,-,63,-,-,-,-,-,14,5,-,1,15,-,59,-,60,-,-,-,-,-,27,7,-,1,13,-,64,-,60,-,-,-,-,-,27,7,-,1,13,-,64,-,53,-,-,-,-,-,28,5,-,1,8,-,79,-,53,-,-,-,-,-,28,5,-,1,8,-,79,-,61,-,-,-,-,-,21,2,-,1,8,-,97,0,61,-,-,-,-,-,21,2,-,1,8,-,97,0,59,-,-,-,-,-,24,0,-,0,10,-,104,1,59,-,-,-,-,-,24,0,-,0,10,-,104,1,52,-,-,-,-,-,18,0,-,0,10,-,107,1,52,-,-,-,-,-,18,0,-,0,10,-,107,1,50,-,-,-,-,-,18,15,-,1,2,-,102,7,50,-,-,-,-,-,18,15,-,1,2,-,102,7,56,-,-,-,-,-,-,6,-,0,1,-,107,3,56,-,-,-,-,-,-,6,-,0,1,-,107,3,38,-,-,-,-,-,-,0,-,0,1,0,9,2,38,-,-,-,-,-,-,0,-,0,1,0,9,2,40,-,-,-,-,-,N,N,-,N,N,0,18,1,40,-,-,-,-,-,N,N,-,N,N,0,18,1
"C16 Obd.,predel.lesa;izd.iz lesa ipd.rz.poh.",666,-,-,-,-,-,1505,3,-,37,26,-,220,192,666,-,-,-,-,-,1679,3,-,37,26,-,220,192,570,-,-,-,-,-,1197,3,-,41,20,-,128,192,570,-,-,-,-,-,1574,3,-,41,20,-,128,192,604,-,-,-,-,-,1457,4,-,39,23,-,149,50,604,-,-,-,-,-,1821,4,-,39,23,-,149,50,622,-,-,-,-,-,1072,2,-,39,15,-,127,38,622,-,-,-,-,-,1357,2,-,39,15,-,127,38,630,-,-,-,-,-,759,2,-,35,20,-,127,32,630,-,-,-,-,-,1057,2,-,35,20,-,127,32,545,-,-,-,-,-,966,4,-,44,13,-,45,19,545,-,-,-,-,-,1317,4,-,44,13,-,45,19,578,-,-,-,-,-,1823,2,-,39,2,-,84,12,578,-,-,-,-,-,2182,2,-,39,2,-,84,12,605,-,-,-,-,-,1452,3,-,45,1,-,61,11,605,-,-,-,-,-,1851,3,-,45,1,-,61,11,588,-,-,-,-,-,1405,3,-,49,3,-,-,13,588,-,-,-,-,-,1765,3,-,49,3,-,-,13,558,-,-,-,-,-,1340,3,-,46,2,-,-,17,558,-,-,-,-,-,1697,3,-,46,2,-,-,17,570,-,-,-,-,-,1278,4,-,52,6,-,62,14,570,-,-,-,-,-,1538,4,-,52,6,-,62,14,565,-,-,-,-,-,1445,4,-,92,7,-,2,8,565,-,-,-,-,-,1753,4,-,92,7,-,2,8,580,-,-,-,-,-,1557,4,-,63,5,-,10,38,580,-,-,-,-,-,1943,4,-,63,5,-,10,38
"C17 Prz.papirja in izd.iz papirja",2201,-,852,-,-,-,61,6,-,11,27,-,4228,9,2201,-,1337,-,-,-,96,6,-,11,27,-,4922,9,2211,-,825,-,-,-,83,5,-,18,20,-,4040,29,2211,-,1225,-,-,-,123,5,-,18,23,-,4689,29,2157,15,746,168,-,-,80,4,-,21,11,-,3785,31,2157,15,1122,246,-,-,140,4,-,21,12,-,4234,31,2110,-,673,319,-,-,114,4,-,20,7,-,3267,38,2110,-,956,453,-,-,162,4,-,20,8,-,3606,38,2137,-,661,273,-,-,130,3,-,21,14,-,3282,1,2137,-,907,374,-,-,178,3,-,21,16,-,3649,1,2059,-,692,296,-,-,119,7,-,21,18,-,3072,38,2059,-,939,402,-,-,161,7,-,21,20,-,3427,38,2241,-,695,267,-,-,152,6,-,23,6,-,3023,38,2241,-,935,366,-,-,203,6,-,23,6,-,3319,38,2283,-,661,218,-,-,153,7,-,24,8,-,2994,40,2283,-,911,301,-,-,209,7,-,24,10,-,3260,40,2293,-,732,74,-,-,198,11,-,24,20,-,3110,40,2293,-,1006,102,-,-,267,11,-,24,26,-,3394,40,2348,-,801,-,-,-,276,12,-,23,6,-,3141,40,2348,-,1098,-,-,-,377,12,-,23,7,-,3456,40,2303,-,N,-,-,-,N,N,-,23,N,-,3077,N,2303,-,N,-,-,-,N,N,-,23,N,-,3399,N,2416,27,846,-,-,-,215,12,-,25,10,-,3148,37,2416,34,1144,-,-,-,289,12,-,25,13,-,3503,37,2211,N,N,-,-,-,229,3,0,37,5,-,3163,N,2211,N,N,-,-,-,281,3,0,37,6,-,3644,N
"C18 Tisk.in razm.posnetih nosilcev zapisa",207,-,-,-,-,-,-,25,-,-,31,-,90,17,207,-,-,-,-,-,-,25,-,-,31,-,90,17,143,-,-,-,-,-,-,21,-,-,27,-,69,11,143,-,-,-,-,-,-,21,-,-,27,-,69,11,171,-,-,-,-,-,-,20,-,-,27,-,79,1,171,-,-,-,-,-,-,20,-,-,27,-,79,1,171,-,-,-,-,-,-,20,-,-,19,-,81,3,171,-,-,-,-,-,-,20,-,-,19,-,81,3,177,-,-,-,-,-,-,22,-,-,16,-,82,4,177,-,-,-,-,-,-,22,-,-,16,-,82,4,188,-,-,-,-,-,-,21,-,-,15,-,90,6,188,-,-,-,-,-,-,21,-,-,15,-,90,6,197,-,-,-,-,-,-,22,-,-,8,-,86,5,197,-,-,-,-,-,-,22,-,-,8,-,86,5,193,-,-,-,-,-,-,36,-,0,6,-,94,5,193,-,-,-,-,-,-,36,-,0,6,-,94,5,163,-,-,-,-,-,-,21,-,0,4,-,76,5,163,-,-,-,-,-,-,21,-,0,4,-,76,5,169,-,-,-,-,-,-,4,-,0,4,-,75,6,169,-,-,-,-,-,-,4,-,0,4,-,75,6,163,-,-,-,-,-,-,3,-,N,2,-,74,6,163,-,-,-,-,-,-,3,-,N,2,-,74,6,154,-,-,-,-,-,-,2,-,-,2,-,84,2,154,-,-,-,-,-,-,2,-,-,2,-,84,2,162,-,-,-,-,-,0,2,-,0,4,-,81,3,162,-,-,-,-,-,0,2,-,0,4,-,81,3
"C19 Prz.koksa in naftnih derivatov",1,-,-,-,-,-,-,0,-,0,4,-,-,-,1,-,-,-,-,-,-,0,-,0,4,-,-,-,1,-,-,-,-,-,-,-,-,-,4,-,-,-,1,-,-,-,-,-,-,-,-,-,4,-,-,-,1,-,-,-,-,-,-,-,-,-,4,-,-,-,1,-,-,-,-,-,-,-,-,-,4,-,-,-,1,-,-,-,-,-,-,-,-,-,2,-,-,-,1,-,-,-,-,-,-,-,-,-,2,-,-,-,1,-,-,-,-,-,-,-,-,-,0,-,-,-,1,-,-,-,-,-,-,-,-,-,0,-,-,-,-,-,-,-,-,-,-,-,-,-,-,-,-,-,-,-,-,-,-,-,-,-,-,-,-,-,-,-,-,-,-,-,-,-,-,-,-,-,-,-,-,-,-,-,-,-,-,-,-,-,-,-,0,-,-,-,-,-,-,-,-,-,-,-,-,-,-,-,-,-,-,-,-,-,-,-,-,-,-,-,-,-,-,-,-,-,-,-,-,-,-,-,-,-,-,-,-,-,-,-,-,-,-,-,-,-,-,-,-,-,-,-,-,-,-,-,-,-,-,-,-,-,-,-,-,-,-,-,-,-,-,-,-,-,-,-,-,-,-,-,-,-,-,-,-,-,-,-,-,-,-,-,-,-,-,-,-,-,-,-,-,-,-,-,-,-,-,-,-,-,-,-,-,-,-,-,-,-,-,-,-,-,-,-,-,-,-,-,-,-,-,-,-,-,-,-,-,-,-,-,-,-,-,-,-,-,-,-,-,-,-,-,-,-,-,-,-,-,-,-,-,-,-,-
"C20 Prz.kemikalij,kemičnih izd.",1495,-,-,-,-,-,476,26,-,11,144,-,1445,885,1495,-,-,-,-,-,518,26,-,11,144,-,1486,885,1444,-,-,-,-,-,450,29,-,12,123,-,1452,862,1444,-,-,-,-,-,488,29,-,12,123,-,1516,862,1566,-,-,-,-,-,473,18,-,9,173,-,1578,842,1566,-,-,-,-,-,510,18,-,9,173,-,1646,842,1479,-,-,-,-,-,490,17,-,10,126,-,1152,997,1479,-,-,-,-,-,531,17,-,10,126,-,1162,997,1455,-,-,-,-,-,419,13,-,12,144,-,1029,894,1455,-,-,-,-,-,460,13,-,12,144,-,1029,894,1426,-,-,-,-,-,517,7,-,12,121,-,1044,919,1426,-,-,-,-,-,556,7,-,12,121,-,1044,919,1517,-,-,-,-,-,602,13,-,18,122,-,1018,922,1517,-,-,-,-,-,637,13,-,18,122,-,1018,922,1544,-,-,-,-,-,863,13,-,16,137,-,1044,952,1544,-,-,-,-,-,903,13,-,16,137,-,1044,952,1517,-,-,-,-,-,931,15,-,13,167,-,1048,968,1517,-,-,-,-,-,967,15,-,13,167,-,1048,968,1558,-,-,-,-,-,950,24,-,15,115,-,1035,985,1558,-,-,-,-,-,992,24,-,15,115,-,1035,985,1334,-,-,-,-,-,735,23,-,10,119,-,964,948,1334,-,-,-,-,-,761,23,-,10,119,-,964,948,1329,-,-,-,-,-,716,23,-,12,102,0,943,1114,1329,-,-,-,-,-,745,23,-,12,102,0,943,1114,1404,-,-,-,-,-,654,24,-,10,100,-,1004,1107,1404,-,-,-,-,-,686,24,-,10,100,-,1004,1107
"C21 Prz.farmac.surovin in preparatov",740,-,-,-,-,-,-,18,-,0,-,-,934,205,740,-,-,-,-,-,-,18,-,0,-,-,934,205,772,-,-,-,-,-,-,18,-,0,3,-,1031,210,772,-,-,-,-,-,-,18,-,0,3,-,1031,210,817,-,-,-,-,-,-,26,-,0,5,-,1100,190,817,-,-,-,-,-,-,26,-,0,5,-,1100,190,851,-,-,-,-,-,-,21,-,0,3,-,989,220,851,-,-,-,-,-,-,21,-,0,3,-,989,220,879,-,-,-,-,-,-,22,-,0,9,-,968,226,879,-,-,-,-,-,-,22,-,0,9,-,968,226,809,-,-,-,-,-,-,20,-,0,3,-,959,231,809,-,-,-,-,-,-,20,-,0,3,-,959,231,866,-,-,-,-,-,-,20,-,-,0,-,858,233,866,-,-,-,-,-,-,20,-,-,-,-,917,233,896,-,-,-,-,-,-,20,-,0,2,-,893,245,896,-,-,-,-,-,-,20,-,0,2,-,951,245,921,-,-,-,-,-,-,23,-,0,4,-,904,261,921,-,-,-,-,-,-,23,-,0,4,-,964,261,937,-,-,-,-,-,-,17,-,0,0,-,922,252,937,-,-,-,-,-,-,17,-,0,0,-,979,252,959,-,-,-,-,-,-,20,-,1,0,-,930,255,959,-,-,-,-,-,-,20,-,1,0,-,985,255,973,-,-,-,-,-,-,19,-,1,1,-,871,254,973,-,-,-,-,-,-,19,-,1,1,-,919,254,950,-,-,-,-,-,-,21,-,1,0,-,983,242,950,-,-,-,-,-,-,21,-,1,0,-,1043,242
"C22 Prz.izd.iz gume in plastičnih mas",1119,-,-,-,-,-,37,12,-,4,107,-,1044,213,1119,-,-,-,-,-,37,12,-,4,107,-,1044,213,927,-,-,-,-,-,1,13,-,7,116,-,916,154,927,-,-,-,-,-,1,13,-,7,116,-,916,154,1117,-,-,-,-,-,1,10,-,8,113,-,1071,186,1117,-,-,-,-,-,1,10,-,8,113,-,1071,186,1105,-,-,-,-,-,4,10,-,6,96,-,911,203,1105,-,-,-,-,-,4,10,-,6,96,-,911,203,1086,-,-,-,-,-,1,10,-,4,68,-,854,207,1086,-,-,-,-,-,1,10,-,4,68,-,854,207,1145,-,-,-,-,-,1,15,-,5,88,-,853,190,1145,-,-,-,-,-,1,15,-,5,88,-,853,190,1177,-,-,-,-,-,2,24,-,6,73,-,849,185,1177,-,-,-,-,-,2,24,-,6,73,-,849,185,1217,-,-,-,-,-,3,34,-,5,37,-,832,191,1217,-,-,-,-,-,3,34,-,5,37,-,832,191,1341,-,-,-,-,-,4,44,-,5,38,-,847,209,1341,-,-,-,-,-,4,44,-,5,38,-,847,209,1451,-,-,-,-,-,26,50,-,6,40,-,913,216,1451,-,-,-,-,-,26,50,-,6,40,-,913,216,1406,-,-,-,-,-,23,43,-,5,33,-,760,171,1406,-,-,-,-,-,23,43,-,5,33,-,760,171,1477,-,-,-,-,-,13,53,0,7,36,0,814,188,1477,-,-,-,-,-,13,53,0,7,36,0,814,188,1416,-,-,-,-,-,23,93,-,5,34,0,944,187,1416,-,-,-,-,-,23,93,-,5,34,0,944,187
"C23 Prz.nekovinskih mineralnih izd.",1850,1515,-,-,608,1633,3,166,-,78,148,160,4670,19,1850,1515,-,-,608,1633,3,166,-,78,148,160,4725,19,1183,534,126,-,561,1367,1,67,-,49,98,175,3057,45,1183,534,126,-,561,1367,1,67,-,49,98,175,3057,45,1474,339,-,-,514,939,1,69,-,76,100,181,3819,33,1474,339,-,-,514,939,1,69,-,76,100,181,3882,33,1389,307,-,-,582,809,5,71,-,65,83,134,3359,12,1389,307,-,-,582,809,5,71,-,65,83,134,3411,12,1282,268,-,-,609,757,16,68,-,58,83,94,2851,71,1282,268,-,-,609,757,16,68,-,58,83,94,2912,71,1275,52,-,-,630,1329,83,76,-,75,75,49,2559,43,1275,52,-,-,630,1329,83,76,-,75,75,49,2631,43,1328,26,-,-,561,1369,100,73,-,87,28,5,2453,24,1328,26,-,-,561,1369,100,73,-,87,28,5,2517,24,1541,23,-,-,457,970,44,62,-,69,19,53,2846,25,1541,23,-,-,457,970,44,62,-,69,19,53,2911,25,1251,-,-,-,415,924,10,80,-,65,15,128,3090,0,1251,-,-,-,415,924,10,80,-,65,15,128,3141,0,1366,-,-,-,459,1066,12,85,-,63,14,131,3164,1,1366,-,-,-,459,1066,12,85,-,63,14,131,3231,1,1412,0,-,-,446,1181,12,71,-,68,15,96,3172,1,1412,0,-,-,446,1181,12,71,-,68,15,96,3227,1,1476,-,-,-,463,1145,14,80,-,73,12,60,3254,0,1476,-,-,-,463,1145,14,80,-,73,12,60,3315,0,1322,-,-,-,454,1321,16,71,-,94,12,9,2608,0,1322,-,-,-,454,1321,16,71,-,94,12,9,2608,0
"C24 Prz.kovin",7383,-,-,-,359,-,0,306,-,15,100,-,4185,193,7383,-,-,-,359,-,0,306,-,15,100,-,4185,193,4514,14,-,-,183,-,-,339,-,12,42,-,3816,212,4514,14,-,-,183,-,-,339,-,12,42,-,3873,212,5201,51,-,-,240,-,0,390,-,13,52,-,4014,160,5201,51,-,-,240,-,0,390,-,13,52,-,4014,160,6944,52,-,-,278,-,0,421,-,15,43,-,3831,180,6944,52,-,-,278,-,0,421,-,15,43,-,3831,180,7448,53,-,-,225,-,0,395,-,13,36,-,4114,205,7448,53,-,-,225,-,0,395,-,13,36,-,4114,205,7455,54,-,-,255,-,0,376,-,16,21,-,4212,146,7455,54,-,-,255,-,0,376,-,16,21,-,4212,146,7456,55,-,-,274,-,0,365,-,16,15,-,4105,112,7456,55,-,-,274,-,0,365,-,16,15,-,4105,112,7528,56,-,-,231,-,0,348,-,16,19,-,4310,82,7528,56,-,-,231,-,0,348,-,16,19,-,4310,82,7695,52,-,-,231,-,0,323,-,16,22,-,4569,87,7695,52,-,-,231,-,0,323,-,16,22,-,4569,87,7825,60,-,-,261,-,0,345,-,17,23,-,5109,84,7825,60,-,-,261,-,0,345,-,17,23,-,5122,84,7565,58,-,-,268,0,0,326,-,21,28,-,4936,50,7565,58,-,-,268,0,0,326,-,21,28,-,4948,50,7079,57,-,-,249,0,0,93,-,28,11,-,4925,45,7079,57,-,-,249,0,0,93,-,28,11,-,4937,45,5915,69,-,-,194,0,0,71,-,20,9,-,4976,45,5915,69,-,-,194,0,0,71,-,20,9,-,5046,45
"C25 Prz.kovinskih izd.,rz.strojev in naprav",1287,-,0,-,-,-,13,96,0,46,232,-,1054,49,1287,-,-,-,-,-,13,96,0,46,232,-,1085,49,1125,-,-,-,-,-,2,119,-,28,246,-,903,48,1125,-,-,-,-,-,2,119,-,28,246,-,940,48,1158,-,-,-,-,-,13,67,-,37,249,-,867,48,1158,-,-,-,-,-,13,67,-,37,249,-,891,48,1290,-,-,-,-,-,17,69,-,42,229,-,843,41,1290,-,-,-,-,-,17,69,-,42,229,-,880,41,1213,-,-,-,-,-,32,63,-,29,204,-,697,63,1213,-,-,-,-,-,32,63,-,29,204,-,763,63,1232,-,-,-,-,-,31,60,-,29,208,-,598,64,1232,-,-,-,-,-,31,60,-,29,208,-,654,64,1346,-,-,-,-,-,14,61,-,33,171,-,716,51,1346,-,-,-,-,-,14,61,-,33,171,-,769,51,1376,-,-,-,-,-,21,59,-,34,171,-,708,74,1376,-,-,-,-,-,21,59,-,34,171,-,756,74,1455,-,-,-,-,-,35,71,-,35,161,-,697,78,1455,-,-,-,-,-,35,71,-,35,161,-,736,78,1462,-,-,-,-,-,22,66,-,33,134,-,786,58,1462,-,-,-,-,-,22,66,-,33,134,-,825,58,1793,-,-,-,-,0,27,204,0,50,117,-,1238,30,1793,-,-,-,-,0,27,204,0,50,117,-,1282,30,1771,-,-,-,0,-,31,92,0,38,111,2,1038,28,1771,-,-,-,0,-,31,92,0,38,111,2,1066,28,1889,-,-,-,0,-,41,91,0,34,100,2,1001,35,1889,-,-,-,0,-,41,91,0,34,100,2,1051,35
"C26 Prz.rač.,elektronskih,optičnih izd.",248,-,-,-,-,-,-,1,-,-,27,-,56,38,248,-,-,-,-,-,-,1,-,-,27,-,56,38,97,-,-,-,-,-,0,1,-,0,7,-,14,25,97,-,-,-,-,-,0,1,-,0,7,-,14,25,156,-,-,-,-,-,2,2,-,0,16,-,27,50,156,-,-,-,-,-,2,2,-,0,16,-,27,50,157,-,-,-,-,-,3,1,-,-,16,-,21,46,157,-,-,-,-,-,3,1,-,-,16,-,21,46,181,-,-,-,-,-,3,1,-,-,16,-,50,39,181,-,-,-,-,-,3,1,-,-,16,-,50,39,150,-,-,-,-,-,3,2,-,0,15,-,19,43,150,-,-,-,-,-,3,2,-,0,15,-,19,43,130,-,-,-,-,-,4,1,-,0,4,-,15,37,130,-,-,-,-,-,4,1,-,0,4,-,15,37,139,-,-,-,-,-,6,3,-,-,6,-,13,36,139,-,-,-,-,-,6,3,-,-,6,-,13,36,138,-,-,-,-,-,3,4,-,-,5,-,11,34,138,-,-,-,-,-,3,4,-,-,5,-,11,34,140,-,-,-,-,-,4,4,-,0,5,-,5,33,140,-,-,-,-,-,4,4,-,0,5,-,5,33,155,-,-,-,-,-,3,29,-,-,4,-,46,50,155,-,-,-,-,-,3,29,-,-,4,-,46,50,152,-,-,-,-,-,7,41,-,-,2,-,23,26,152,-,-,-,-,-,7,41,-,-,2,-,23,26,142,-,-,-,-,-,8,3,-,-,3,-,14,18,142,-,-,-,-,-,8,3,-,-,3,-,14,18
"C27 Prz.električnih naprav",1089,-,-,-,-,-,-,92,-,6,85,-,444,169,1089,-,-,-,-,-,-,92,-,6,85,-,444,169,1063,-,-,-,-,-,-,30,-,5,98,-,274,175,1063,-,-,-,-,-,-,30,-,5,98,-,274,175,1354,-,-,-,-,-,0,69,-,6,106,-,424,163,1354,-,-,-,-,-,0,69,-,6,106,-,424,163,1243,-,-,-,-,-,-,87,-,5,91,-,352,177,1243,-,-,-,-,-,-,87,-,5,91,-,352,177,1196,-,-,-,-,-,1,137,-,12,82,-,612,132,1196,-,-,-,-,-,1,137,-,12,82,-,612,132,1186,-,-,-,-,-,1,128,-,1,61,-,369,158,1186,-,-,-,-,-,1,128,-,1,61,-,369,158,1181,-,-,-,-,-,2,179,-,2,42,-,384,147,1181,-,-,-,-,-,2,179,-,2,42,-,384,147,1248,-,-,-,-,-,1,106,-,2,33,-,395,143,1248,-,-,-,-,-,1,106,-,2,33,-,395,143,1315,-,-,-,-,-,6,88,-,5,28,-,385,155,1315,-,-,-,-,-,6,88,-,5,28,-,385,155,1358,-,-,-,-,-,20,69,-,3,26,-,430,155,1358,-,-,-,-,-,20,69,-,3,26,-,430,155,1508,-,-,-,-,-,17,61,-,2,29,-,543,118,1508,-,-,-,-,-,17,61,-,2,29,-,543,118,1596,-,-,-,-,-,22,88,-,2,40,0,733,111,1596,-,-,-,-,-,22,88,-,2,40,0,745,111,1485,-,-,-,-,-,21,61,-,2,21,-,470,119,1485,-,-,-,-,-,21,61,-,2,21,-,482,119
"C28 Prz.dr.strojev in naprav",800,-,1,-,1,-,2,59,-,11,94,-,448,431,800,-,1,-,1,-,2,59,-,11,94,-,448,431,517,-,1,-,-,-,1,67,-,11,94,-,193,48,517,-,1,-,-,-,1,67,-,11,94,-,193,48,684,-,1,-,0,-,1,52,-,9,95,-,449,85,684,-,1,-,0,-,1,52,-,9,95,-,449,85,602,-,1,-,0,-,1,100,-,10,105,-,344,88,602,-,1,-,0,-,1,100,-,10,105,-,344,88,517,1,-,-,0,-,3,57,-,11,81,-,363,69,517,1,-,-,0,-,3,57,-,11,81,-,363,69,625,1,-,-,0,-,9,47,-,12,63,-,436,37,625,1,-,-,0,-,9,47,-,12,63,-,436,37,601,1,-,-,-,-,6,38,-,9,61,-,289,41,601,1,-,-,-,-,6,38,-,9,61,-,305,41,611,-,-,-,-,-,16,37,-,9,56,-,341,37,611,-,-,-,-,-,16,37,-,9,56,-,358,37,636,-,-,-,-,-,25,35,-,10,57,-,370,35,636,-,-,-,-,-,25,35,-,10,57,-,388,35,658,-,-,-,-,-,26,40,-,10,49,-,336,38,658,-,-,-,-,-,26,40,-,10,49,-,352,38,985,-,0,-,-,-,26,49,-,11,51,-,587,35,985,-,0,-,-,-,26,49,-,11,51,-,604,35,1052,-,0,-,-,-,36,60,-,15,54,0,505,67,1052,-,0,-,-,-,36,60,-,15,54,0,525,67,971,-,-,-,-,-,53,51,-,12,35,0,870,64,971,-,-,-,-,-,53,51,-,12,35,0,889,64
"C29 Prz.mot.voz.,prikolic in polprikolic",793,-,-,-,-,-,-,22,-,3,55,-,557,29,793,-,-,-,-,-,-,22,-,3,55,-,557,29,705,-,-,-,-,-,-,23,-,4,60,-,622,2,705,-,-,-,-,-,-,23,-,4,60,-,622,2,751,-,-,-,-,-,-,29,-,3,59,-,670,7,751,-,-,-,-,-,-,29,-,3,59,-,670,7,766,-,-,-,-,-,1,26,-,4,53,-,560,5,766,-,-,-,-,-,1,26,-,4,53,-,560,5,862,-,-,-,-,-,1,28,-,2,55,-,457,24,862,-,-,-,-,-,1,28,-,2,55,-,457,24,744,-,-,-,-,-,1,25,-,4,35,-,463,4,744,-,-,-,-,-,1,25,-,4,35,-,463,4,825,-,-,-,-,-,4,19,-,5,22,-,464,8,825,-,-,-,-,-,4,19,-,5,22,-,464,8,779,-,-,-,-,-,4,21,-,4,26,-,469,8,779,-,-,-,-,-,4,21,-,4,26,-,469,8,760,-,-,-,-,-,3,33,-,6,24,-,459,10,760,-,-,-,-,-,3,33,-,6,24,-,459,10,878,-,-,-,-,-,2,37,-,5,24,-,541,9,878,-,-,-,-,-,2,37,-,5,24,-,541,9,839,-,-,-,-,-,1,36,-,6,20,-,475,11,839,-,-,-,-,-,1,36,-,6,20,-,475,11,902,-,-,-,-,-,1,29,-,9,17,0,549,14,902,-,-,-,-,-,1,29,-,9,17,0,549,14,761,-,-,-,-,-,1,46,0,12,11,0,429,11,761,-,-,-,-,-,1,46,0,12,11,0,429,11
"C30 Prz.dr.vozil in plovil",40,-,-,-,-,-,-,2,-,0,10,-,37,-,40,-,-,-,-,-,-,2,-,0,10,-,37,-,20,-,-,-,-,-,-,1,-,0,12,-,14,-,20,-,-,-,-,-,-,1,-,0,12,-,14,-,12,-,-,-,-,-,-,2,-,-,0,-,10,-,12,-,-,-,-,-,-,2,-,-,0,-,10,-,15,-,-,-,-,-,1,6,-,-,0,-,7,-,15,-,-,-,-,-,1,6,-,-,0,-,7,-,20,-,-,-,-,-,-,3,-,0,4,-,7,-,20,-,-,-,-,-,-,3,-,0,4,-,7,-,17,-,-,-,-,-,-,0,-,-,2,-,8,-,17,-,-,-,-,-,-,0,-,-,2,-,8,-,14,-,-,-,-,-,-,-,-,-,2,-,0,-,14,-,-,-,-,-,-,-,-,-,2,-,0,-,19,-,-,-,-,-,-,0,-,0,3,-,3,-,19,-,-,-,-,-,-,0,-,0,3,-,3,-,10,-,-,-,-,-,-,0,-,-,2,-,1,-,10,-,-,-,-,-,-,0,-,-,2,-,1,-,11,-,-,-,-,-,-,1,-,0,2,-,0,-,11,-,-,-,-,-,-,1,-,0,2,-,0,-,19,-,-,-,-,-,-,N,-,N,N,-,6,-,19,-,-,-,-,-,-,N,-,N,N,-,6,-,17,-,-,-,-,-,-,N,-,N,2,N,5,-,17,-,-,-,-,-,-,N,-,N,2,N,5,-,23,-,-,-,-,-,-,N,-,N,N,-,6,-,23,-,-,-,-,-,-,N,-,N,N,-,6,-
"C31 Prz.pohištva",388,-,-,-,-,-,594,7,-,9,16,-,32,116,388,-,-,-,-,-,669,7,-,9,16,-,32,116,324,-,-,-,-,-,462,4,-,8,20,-,37,55,324,-,-,-,-,-,528,4,-,8,20,-,37,55,292,-,-,-,-,-,392,3,-,7,15,-,7,58,292,-,-,-,-,-,473,3,-,7,15,-,7,58,219,-,-,-,-,-,301,1,-,5,11,-,6,56,219,-,-,-,-,-,340,1,-,5,11,-,6,56,176,-,-,-,-,-,177,1,-,5,8,-,3,26,176,-,-,-,-,-,177,1,-,5,8,-,3,26,159,-,-,-,-,-,181,1,-,4,7,-,3,14,159,-,-,-,-,-,181,1,-,4,7,-,3,14,170,-,-,-,-,-,173,1,-,4,6,-,1,9,170,-,-,-,-,-,173,1,-,4,6,-,1,9,150,-,-,-,-,-,157,1,-,4,7,-,1,5,150,-,-,-,-,-,157,1,-,4,7,-,1,5,147,-,-,-,-,-,91,1,-,4,7,-,1,6,147,-,-,-,-,-,91,1,-,4,7,-,1,6,145,-,-,-,-,-,84,1,-,4,8,-,1,6,145,-,-,-,-,-,84,1,-,4,8,-,1,6,156,-,-,-,-,-,76,N,-,4,N,-,N,N,156,-,-,-,-,-,76,N,-,4,N,-,N,N,139,-,-,-,-,-,76,1,-,3,N,-,3,N,139,-,-,-,-,-,76,1,-,3,N,-,3,N,135,-,-,-,-,-,80,1,-,2,N,-,N,N,135,-,-,-,-,-,80,1,-,2,N,-,N,N
"C32 Dr.raznovrstne predelovalne dej.",81,-,-,-,-,-,26,5,-,-,7,-,69,35,81,-,-,-,-,-,26,5,-,-,7,-,69,35,113,-,-,-,-,-,9,5,-,-,2,-,95,13,113,-,-,-,-,-,9,5,-,-,2,-,95,13,95,-,-,-,-,-,15,5,-,-,2,-,42,35,95,-,-,-,-,-,15,5,-,-,2,-,42,35,125,-,-,-,-,-,30,4,-,0,1,-,87,28,125,-,-,-,-,-,30,4,-,0,1,-,87,28,90,-,-,-,-,-,25,5,-,-,1,-,54,47,90,-,-,-,-,-,25,5,-,-,1,-,54,47,122,-,-,-,-,-,15,3,-,0,1,-,90,8,122,-,-,-,-,-,15,3,-,0,1,-,90,8,128,-,-,-,-,-,16,6,-,1,1,-,64,14,128,-,-,-,-,-,16,6,-,1,1,-,64,14,118,-,-,-,-,-,14,6,-,0,1,-,65,0,118,-,-,-,-,-,14,6,-,0,1,-,65,0,121,-,-,-,-,-,14,4,-,0,1,-,65,0,121,-,-,-,-,-,14,4,-,0,1,-,65,0,104,-,-,-,-,-,14,3,-,0,2,-,71,0,104,-,-,-,-,-,14,3,-,0,2,-,71,0,120,-,-,-,-,-,N,3,-,N,1,-,67,0,120,-,-,-,-,-,N,3,-,N,1,-,67,0,124,-,-,-,-,-,12,4,-,0,1,0,60,6,124,-,-,-,-,-,12,4,-,0,1,0,60,6,117,-,-,-,-,-,15,4,0,N,1,-,56,22,117,-,-,-,-,-,15,4,0,N,1,-,56,22
"C33 Popravila in montaža strojev in naprav",48,-,5,-,-,-,0,2,-,3,13,-,16,38,48,-,5,-,-,-,0,2,-,3,13,-,16,38,71,-,3,-,-,-,1,4,-,7,19,-,75,33,71,-,3,-,-,-,1,4,-,7,19,-,75,33,57,-,1,-,-,-,1,7,-,7,13,-,19,41,57,-,1,-,-,-,1,7,-,7,13,-,19,41,53,-,3,-,-,-,3,11,-,7,11,-,4,38,53,-,3,-,-,-,3,11,-,7,11,-,4,38,56,-,5,-,-,-,3,11,-,7,11,-,7,41,56,-,5,-,-,-,3,11,-,7,11,-,7,41,42,-,5,-,-,-,3,11,-,7,12,-,4,37,42,-,5,-,-,-,3,11,-,7,12,-,4,37,42,-,3,-,-,-,4,6,-,5,12,-,3,28,42,-,3,-,-,-,4,6,-,5,12,-,3,28,55,-,2,-,0,-,13,7,-,6,17,-,4,26,55,-,2,-,0,-,13,7,-,6,17,-,4,26,64,-,3,-,-,-,12,7,-,6,21,-,5,30,64,-,3,-,-,-,12,7,-,6,21,-,5,30,78,-,3,-,-,-,16,9,-,6,16,-,5,38,78,-,3,-,-,-,16,9,-,6,16,-,5,38,108,-,N,-,-,-,N,19,-,8,19,-,48,41,108,-,N,-,-,-,N,19,-,8,19,-,48,41,76,-,N,-,-,-,N,N,-,14,20,-,8,31,76,-,N,-,-,-,N,N,-,14,20,-,8,31,42,0,N,-,-,-,N,N,-,7,19,-,9,31,42,0,N,-,-,-,N,N,-,7,19,-,9,31
"D Oskrba z električno energijo, plinom in paro",-,-,-,-,-,-,-,-,-,-,-,-,-,-,-,-,-,-,-,-,-,-,-,-,-,-,-,-,-,-,-,-,-,-,-,-,-,-,-,-,-,-,-,-,-,-,-,-,-,-,-,-,-,-,-,-,-,-,-,-,-,-,-,-,-,-,-,-,-,-,-,-,-,-,-,-,-,-,-,-,-,-,-,-,-,-,-,-,-,-,-,-,-,-,-,-,-,-,-,-,-,-,-,-,-,-,-,-,-,-,-,-,-,-,-,-,-,-,-,-,-,-,-,-,-,-,-,-,-,-,-,-,-,-,-,-,-,-,-,-,-,-,-,-,-,-,-,-,-,-,-,-,-,-,-,-,-,-,-,-,-,-,-,-,-,-,-,-,-,-,-,-,-,-,-,-,-,-,-,-,-,-,-,-,-,-,-,-,-,-,-,-,-,-,-,-,-,-,-,-,-,-,-,-,-,-,-,-,-,-,-,-,-,-,-,-,-,-,-,-,-,-,-,-,-,-,-,-,-,-,-,-,-,-,-,-,-,-,-,-,-,-,-,-,-,-,-,-,-,-,-,-,-,-,-,-,-,-,-,-,-,-,-,-,-,-,-,-,-,-,-,-,-,-,-,-,-,-,-,-,78,-,4735,993,-,-,986,2,-,27,9,-,1438,14,78,-,6423,37523,-,-,1313,3,-,27,124,-,2754,14,76,-,3754,967,-,-,1050,4,-,25,4,-,1494,14,76,-,4917,36591,-,-,1517,6,-,25,49,-,3244,14,80,-,3718,948,-,-,1225,3,-,27,5,-,1225,15,80,-,4819,35658,-,-,1581,4,-,27,69,-,3141,15
"E Oskrba z vodo, ravnanje z odplakami in odpadki, saniranje okolja",-,-,-,-,-,-,-,-,-,-,-,-,-,-,-,-,-,-,-,-,-,-,-,-,-,-,-,-,-,-,-,-,-,-,-,-,-,-,-,-,-,-,-,-,-,-,-,-,-,-,-,-,-,-,-,-,-,-,-,-,-,-,-,-,-,-,-,-,-,-,-,-,-,-,-,-,-,-,-,-,-,-,-,-,-,-,-,-,-,-,-,-,-,-,-,-,-,-,-,-,-,-,-,-,-,-,-,-,-,-,-,-,-,-,-,-,-,-,-,-,-,-,-,-,-,-,-,-,-,-,-,-,-,-,-,-,-,-,-,-,-,-,-,-,-,-,-,-,-,-,-,-,-,-,-,-,-,-,-,-,-,-,-,-,-,-,-,-,-,-,-,-,-,-,-,-,-,-,-,-,-,-,-,-,-,-,-,-,-,-,-,-,-,-,-,-,-,-,-,-,-,-,-,-,-,-,-,-,-,-,-,-,-,-,-,-,-,-,-,-,-,-,-,-,-,-,-,-,-,-,-,-,-,-,-,-,-,-,-,-,-,-,-,-,-,-,-,-,-,-,-,-,-,-,-,-,-,-,-,-,-,-,-,-,-,-,-,-,-,-,-,-,-,-,-,-,-,-,-,-,520,-,-,-,-,-,58,42,-,238,20,-,1161,181,520,-,-,-,-,-,58,42,-,238,20,-,1161,181,585,-,-,-,-,-,3,34,-,178,13,0,442,170,585,-,-,-,-,-,3,34,-,178,13,0,500,170,675,-,-,-,-,-,5,34,-,187,16,0,478,180,675,-,-,-,-,-,5,34,-,187,16,0,514,180
"F Gradbeništvo",266,-,1,-,-,-,26,30,0,1857,240,-,80,10,266,-,1,-,-,-,26,30,0,1857,240,-,80,10,229,-,1,-,-,-,7,12,0,1470,178,-,92,31,229,-,1,-,-,-,7,12,0,1471,178,-,92,31,201,-,2,-,-,-,29,10,1,914,160,-,216,16,201,-,2,-,-,-,29,10,1,914,160,-,216,16,192,-,-,-,-,-,10,7,-,720,146,-,220,16,192,-,-,-,-,-,10,7,-,720,146,-,220,16,155,-,-,-,-,-,5,8,-,752,106,-,396,23,155,-,-,-,-,-,5,8,-,752,106,-,396,23,148,-,-,-,-,-,6,4,-,637,137,-,168,9,148,-,-,-,-,-,6,4,-,637,137,-,168,9,136,-,-,-,-,-,6,3,-,599,81,-,184,8,136,-,-,-,-,-,6,3,-,599,81,-,184,8,163,-,-,-,-,-,7,21,-,663,102,-,190,6,163,-,-,-,-,-,7,21,-,663,102,-,190,6,162,-,-,-,-,-,6,33,-,675,105,-,169,6,162,-,-,-,-,-,6,33,-,675,105,-,169,6,175,-,-,-,-,-,7,62,-,759,68,-,201,14,175,-,-,-,-,-,7,62,-,759,68,-,201,14,183,-,-,-,-,-,N,70,-,679,58,-,256,10,183,-,-,-,-,-,N,70,-,679,58,-,256,10,268,-,-,-,-,-,31,159,0,741,71,N,346,2,268,-,-,-,-,-,49,159,0,741,71,N,346,2,170,-,-,-,-,-,N,220,-,795,72,N,435,9,170,-,-,-,-,-,N,220,-,795,72,N,435,9
"SKUPAJ za izračun energetske bilance",22670,1515,854,-,968,1633,2771,977,0,2252,1967,160,22032,2831,-,-,-,-,-,-,-,-,-,-,-,-,-,-,17804,548,953,-,744,1367,2218,868,0,1812,1710,175,18804,2330,-,-,-,-,-,-,-,-,-,-,-,-,-,-,19696,405,749,168,754,939,2484,910,1,1276,1758,181,20224,2211,-,-,-,-,-,-,-,-,-,-,-,-,-,-,21056,359,674,319,860,809,2078,1044,-,1055,1478,134,17814,2403,-,-,-,-,-,-,-,-,-,-,-,-,-,-,21261,322,661,273,834,757,1621,1010,-,1038,1335,94,17429,2248,-,-,-,-,-,-,-,-,-,-,-,-,-,-,21115,107,692,296,885,1329,2016,960,-,965,1247,49,16481,2132,-,-,-,-,-,-,-,-,-,-,-,-,-,-,21763,82,695,267,835,1369,2991,1006,-,943,963,5,16399,2006,-,-,-,-,-,-,-,-,-,-,-,-,-,-,22259,79,661,218,688,970,2838,878,-,1001,945,53,16842,2032,-,-,-,-,-,-,-,-,-,-,-,-,-,-,22380,52,732,74,646,924,2804,916,-,1013,944,128,17393,2099,-,-,-,-,-,-,-,-,-,-,-,-,-,-,23127,60,801,-,720,1066,2849,1006,-,1094,753,131,18364,2112,-,-,-,-,-,-,-,-,-,-,-,-,-,-,23415,58,N,-,714,1181,2586,1102,0,3798,761,96,19161,1915,-,-,-,-,-,-,-,-,-,-,-,-,-,-,23458,84,846,-,712,1145,2731,965,0,3885,658,70,18933,2123,-,-,-,-,-,-,-,-,-,-,-,-,-,-,21574,140,N,-,648,1321,2825,993,0,3870,553,18,18812,2127,-,-,-,-,-,-,-,-,-,-,-,-,-,-
